"group","group_name","start","end","width"
1,"3",369160,401847,32688
1,"3",470077,491781,21705
1,"3",528529,550923,22395
1,"3",578641,627588,48948
1,"3",704689,706986,2298
1,"3",961735,982569,20835
1,"3",1114309,1185390,71082
1,"3",31376,32509,1134
1,"3",47648,49024,1377
1,"3",337343,370156,32814
1,"3",381038,386182,5145
1,"3",430370,430531,162
1,"3",446039,466486,20448
1,"3",531170,535546,4377
1,"3",722078,739318,17241
1,"3",829670,838975,9306
1,"3",1134212,1197568,63357
1,"3",405108,440705,35598
1,"3",446676,483398,36723
1,"3",507051,512471,5421
1,"3",792507,815510,23004
1,"3",849861,853310,3450
1,"3",887286,905291,18006
1,"3",1002258,1020371,18114
1,"3",1129524,1196726,67203
1,"3",1424022,1456946,32925
